{
    "edeg_cut": 0.012790632881338686,
    "graph edge": 825526,
    "graph nodes": 556930,
    "index size": 24709072,
    "index构建时间": 6054,
    "内存大小G": 0.07717514038085938,
    "分区数": 64,
    "平均查询时间": 0.007,
    "并行构建时间": "Nan",
    "方法": "PathTree",
    "查询时间ms": 7,
    "转换时间ms": 1567,
    "边界图大小": "23565 , 40402"
}